﻿V1,V2,V3,V4,V7,V8,V9,V10,policy_only,consent_intro_1,consent_intro_2,consent_intro_3,intro,cc_exists,cc_human,nudge_intro,nudge_effective,nudge_painful,policy_description,policy_effective,policy_painful,Q26,Q28,implement_tax,implement_taxnudge,demographics_intro,gender,age,ethnicity,education,politics,comments
ResponseID,ResponseSet,Name,ExternalDataReference,Status,StartDate,EndDate,Finished,policy_only,Consent Form This study is part of a research study conducted by Professor George Loewenstein at...-I am age 18 or older,Consent Form This study is part of a research study conducted by Professor George Loewenstein at...-I have read and understand the information above,Consent Form This study is part of a research study conducted by Professor George Loewenstein at...-I want to participate in this research and continue with the survey,"Instructions   In this survey, we will ask for your opinion about climate change and about polici...","Before we will ask you about specific policies, we would like to ask you about climate change in...","To the extent that global average temperatures have been increasing over the past 50 years, human...",Options that are selected by default have been shown to be chosen more frequently. Policymakers c...,"Irrespective of whether you approve or disapprove of this policy, how effective do you think this...","If this policy were implemented, how painful do you think it would be for someone like you?",Consider the following policy: The federal government imposes a carbon tax on companies and produ...,"Irrespective of whether you approve or disapprove of this policy, how effective do you think this...","If this policy were implemented, how painful do you think it would be for someone like you?",Imagine now that you are a policymaker and you can choose to implement the carbon tax policy from...,Imagine now that you are a policymaker and you can choose to implement the carbon tax policy and...,Would you like to implement the tax?,Would you like to implement the tax and/or the nudge?,"Finally, we would like to ask you some demographic questions.",Gender,Age,Ethnicity,What is the highest level of education you have completed?,"When it comes to politics, do you usually think of yourself as...",Thank you for completing this study. On the next screen you will see your unique completion code....
R_1K8TGow20jIhvq2,Default Response Set,Anonymous,,0,7/19/2017 17:25,7/19/2017 17:26,1,0,1,1,1,1,4,4,1,4,3,1,3,2,,1,,1,1,1,30,1,5,6,
R_33mavbX81plnKTh,Default Response Set,Anonymous,,0,7/19/2017 17:26,7/19/2017 17:26,1,1,1,1,1,1,3,3,1,3,3,1,3,3,1,,1,,1,1,34,1,3,4,
R_BMq4BBH49wkYLsJ,Default Response Set,Anonymous,,0,7/19/2017 17:25,7/19/2017 17:27,1,1,1,1,1,1,3,4,1,2,1,1,3,1,1,,1,,1,2,32,2,4,2,
R_3dJIeOsTrTVsiIS,Default Response Set,Anonymous,,0,7/19/2017 17:25,7/19/2017 17:27,1,0,1,1,1,1,5,5,1,5,1,1,5,1,,1,,3,1,1,23,2,5,2,Awesome survey. Short and sweet!
R_ZaZC3gdLCYwKosp,Default Response Set,Anonymous,,0,7/19/2017 17:25,7/19/2017 17:27,1,0,1,1,1,1,5,5,1,4,1,1,3,3,,1,,3,1,2,28,1,5,2,
R_1LFqNNmXrE1l3sK,Default Response Set,Anonymous,,0,7/19/2017 17:25,7/19/2017 17:27,1,1,1,1,1,1,5,5,1,3,2,1,4,3,1,,1,,1,1,30,4,5,5,no
R_2fcItY8gdiQ3Vm8,Default Response Set,Anonymous,,0,7/19/2017 17:26,7/19/2017 17:27,1,0,1,1,1,1,5,4,1,4,1,1,5,1,,1,,3,1,1,26,1,6,2,
R_2uIfxe0B3WnIwdS,Default Response Set,Anonymous,,0,7/19/2017 17:25,7/19/2017 17:27,1,0,1,1,1,1,5,4,1,4,1,1,3,3,,1,,2,1,2,23,1,5,2,
R_2EGgJGwS62B5kSN,Default Response Set,Anonymous,,0,7/19/2017 17:25,7/19/2017 17:27,1,1,1,1,1,1,1,,1,1,3,1,1,3,1,,2,,1,1,36,1,4,4,thanks!
R_1nVXrNe2MxDjNmZ,Default Response Set,Anonymous,,0,7/19/2017 17:26,7/19/2017 17:27,1,1,1,1,1,1,5,5,1,3,1,1,5,1,1,,1,,1,1,28,6,5,2,
R_3kN68lniEs9Fxu1,Default Response Set,Anonymous,,0,7/19/2017 17:26,7/19/2017 17:28,1,1,1,1,1,1,4,4,1,4,2,1,3,3,1,,2,,1,1,29,1,5,5,None. Thank You!
R_4NPfLQaqFrIxOVz,Default Response Set,Anonymous,,0,7/19/2017 17:25,7/19/2017 17:28,1,1,1,1,1,1,5,2,1,3,3,1,4,1,1,,1,,1,2,53,1,6,7,
R_1mUW5DtuWZAg4o9,Default Response Set,Anonymous,,0,7/19/2017 17:26,7/19/2017 17:28,1,0,1,1,1,1,4,4,1,3,2,1,4,2,,1,,1,1,2,35,1,4,3,
R_1o4EsuRfpcPMVxy,Default Response Set,Anonymous,,0,7/19/2017 17:25,7/19/2017 17:28,1,1,1,1,1,1,4,2,1,1,3,1,1,1,1,,2,,1,1,40,1,6,5,
R_SQ7zS5LoUjyImU9,Default Response Set,Anonymous,,0,7/19/2017 17:26,7/19/2017 17:28,1,1,1,1,1,1,5,5,1,2,1,1,5,5,1,,1,,1,1,34,1,6,3,
R_1rNccmL123A8JrL,Default Response Set,Anonymous,,0,7/19/2017 17:26,7/19/2017 17:28,1,0,1,1,1,1,2,5,1,4,2,1,5,3,,1,,3,1,1,25,6,5,3,
R_2ZV7xHDzsFnpBOA,Default Response Set,Anonymous,,0,7/19/2017 17:26,7/19/2017 17:28,1,1,1,1,1,1,5,5,1,4,1,1,4,2,1,,1,,1,2,19,1,3,2,
R_2AStZxrvwOgJ7ZG,Default Response Set,Anonymous,,0,7/19/2017 17:27,7/19/2017 17:28,1,1,1,1,1,1,4,5,1,4,4,1,4,1,1,,1,,1,2,38,2,3,5,
R_x9g7bVd3VnGtuSJ,Default Response Set,Anonymous,,0,7/19/2017 17:26,7/19/2017 17:28,1,0,1,1,1,1,4,4,1,3,1,1,3,3,,1,,2,1,2,35,1,5,4,no
R_7Qyh5EpIHZB2RJT,Default Response Set,Anonymous,,0,7/19/2017 17:25,7/19/2017 17:28,1,0,1,1,1,1,5,5,1,4,1,1,4,2,,1,,3,1,1,31,1,7,2,
R_3Kpibep1M2eyshJ,Default Response Set,Anonymous,,0,7/19/2017 17:26,7/19/2017 17:28,1,1,1,1,1,1,5,4,1,3,2,1,4,2,1,,1,,1,2,31,1,4,4,
R_8HRbtW5Bh0jQ4ZH,Default Response Set,Anonymous,,0,7/19/2017 17:26,7/19/2017 17:28,1,1,1,1,1,1,5,5,1,3,1,1,4,3,1,,1,,1,2,33,1,5,3,no
R_Qhz7d8crmqYj7dD,Default Response Set,Anonymous,,0,7/19/2017 17:27,7/19/2017 17:28,1,1,1,1,1,1,3,4,1,4,3,1,4,3,1,,1,,1,1,32,1,3,5,no thanks
R_ALEUF2KT95FDoXL,Default Response Set,Anonymous,,0,7/19/2017 17:25,7/19/2017 17:28,1,0,1,1,1,1,2,4,1,4,1,1,3,3,,1,,3,1,2,46,1,3,3,No further comments. Thank you!
R_117pYmGqLxrjIew,Default Response Set,Anonymous,,0,7/19/2017 17:26,7/19/2017 17:28,1,1,1,1,1,1,4,2,1,2,1,1,2,3,1,,2,,1,2,42,1,5,5,n/a
R_1kIxpMpvSi6ZiX1,Default Response Set,Anonymous,,0,7/19/2017 17:25,7/19/2017 17:28,1,1,1,1,1,1,4,4,1,3,1,1,3,1,1,,1,,1,2,34,1,5,6,
R_1r9zz1465hNk0Of,Default Response Set,Anonymous,,0,7/19/2017 17:25,7/19/2017 17:28,1,0,1,1,1,1,2,2,1,3,1,1,1,4,,1,,2,1,2,30,1,2,4,
R_2VCswndwS5Aqwqa,Default Response Set,Anonymous,,0,7/19/2017 17:26,7/19/2017 17:28,1,0,1,1,1,1,3,3,1,2,1,1,2,4,,1,,2,1,1,43,1,6,4,None
R_WqbGjn3VTr7Zirn,Default Response Set,Anonymous,,0,7/19/2017 17:25,7/19/2017 17:28,1,1,1,1,1,1,5,5,1,3,1,1,2,2,1,,2,,1,1,21,1,3,2,
R_2fjQDcdEf9TM76m,Default Response Set,Anonymous,,0,7/19/2017 17:26,7/19/2017 17:29,1,0,1,1,1,1,5,5,1,2,1,1,4,2,,1,,3,1,2,52,1,6,3,
R_WqC6rue8x8JQyyt,Default Response Set,Anonymous,,0,7/19/2017 17:26,7/19/2017 17:29,1,1,1,1,1,1,2,5,1,4,1,1,3,4,1,,2,,1,2,30,2,3,2,
R_1KvQVbbw7r4vLhw,Default Response Set,Anonymous,,0,7/19/2017 17:26,7/19/2017 17:29,1,0,1,1,1,1,5,5,1,3,1,1,4,3,,1,,2,1,1,20,4,3,4,
R_YbQhQecFJ8UBeNz,Default Response Set,Anonymous,,0,7/19/2017 17:27,7/19/2017 17:29,1,0,1,1,1,1,5,5,1,3,1,1,2,5,,1,,2,1,1,27,1,5,2,
R_1mWeBdWdJMCAG6q,Default Response Set,Anonymous,,0,7/19/2017 17:26,7/19/2017 17:29,1,1,1,1,1,1,4,4,1,4,1,1,4,2,1,,1,,1,2,26,4,5,3,
R_3paleQY4tk3a7E4,Default Response Set,Anonymous,,0,7/19/2017 17:26,7/19/2017 17:29,1,0,1,1,1,1,4,3,1,2,3,1,2,4,,1,,4,1,1,47,1,4,6,
R_1OGDSkvvs9sePBv,Default Response Set,Anonymous,,0,7/19/2017 17:26,7/19/2017 17:29,1,0,1,1,1,1,5,4,1,5,1,1,3,2,,1,,2,1,2,27,1,5,1,
R_Q4G5pvrZMu5F02d,Default Response Set,Anonymous,,0,7/19/2017 17:25,7/19/2017 17:29,1,1,1,1,1,1,5,5,1,5,1,1,5,1,1,,1,,1,2,26,1,5,1,
R_27wGjx1VhH6xPdO,Default Response Set,Anonymous,,0,7/19/2017 17:26,7/19/2017 17:29,1,1,1,1,1,1,5,5,1,4,2,1,2,3,1,,2,,1,2,34,4,5,2,
R_3plIjyrRCNJCm1g,Default Response Set,Anonymous,,0,7/19/2017 17:27,7/19/2017 17:29,1,1,1,1,1,1,4,5,1,3,2,1,3,2,1,,1,,1,2,32,1,5,4,none
R_V1JzAjk2YLmQ91f,Default Response Set,Anonymous,,0,7/19/2017 17:27,7/19/2017 17:29,1,1,1,1,1,1,4,4,1,3,1,1,3,2,1,,1,,1,1,32,1,4,3,
R_3kHu6ZQtSnydgcC,Default Response Set,Anonymous,,0,7/19/2017 17:27,7/19/2017 17:29,1,0,1,1,1,1,5,4,1,3,2,1,5,4,,1,,1,1,1,23,1,5,3,
R_2a9VFArEsluQwiu,Default Response Set,Anonymous,,0,7/19/2017 17:26,7/19/2017 17:29,1,0,1,1,1,1,4,4,1,3,1,1,3,2,,1,,3,1,1,20,1,3,3,
R_2sbFy8Xeeod1Deo,Default Response Set,Anonymous,,0,7/19/2017 17:26,7/19/2017 17:29,1,0,1,1,1,1,3,4,1,4,1,1,5,3,,1,,2,1,1,27,1,2,4,none
R_s4KN5NbHR0sMy7n,Default Response Set,Anonymous,,0,7/19/2017 17:25,7/19/2017 17:29,1,1,1,1,1,1,4,4,1,3,1,1,3,4,1,,2,,1,1,47,1,3,6,
R_2TZw5C1PCbglZO5,Default Response Set,Anonymous,,0,7/19/2017 17:26,7/19/2017 17:29,1,1,1,1,1,1,4,4,1,4,2,1,5,2,1,,1,,1,2,33,1,5,3,n/a
R_3oZRxzmVD2Junm1,Default Response Set,Anonymous,,0,7/19/2017 17:27,7/19/2017 17:29,1,0,1,1,1,1,4,4,1,3,2,1,2,5,,1,,2,1,2,52,1,3,6,
R_33BfaYMvD65JFOD,Default Response Set,Anonymous,,0,7/19/2017 17:27,7/19/2017 17:29,1,0,1,1,1,1,5,5,1,5,2,1,5,2,,1,,3,1,1,40,1,5,1,
R_2Yoia4dMYth2fZL,Default Response Set,Anonymous,,0,7/19/2017 17:27,7/19/2017 17:29,1,1,1,1,1,1,4,4,1,3,1,1,3,2,1,,1,,1,2,42,1,5,4,
R_1ogRshhogsqRysI,Default Response Set,Anonymous,,0,7/19/2017 17:28,7/19/2017 17:29,1,1,1,1,1,1,4,4,1,3,1,1,3,1,1,,1,,1,1,33,1,5,2,Thanks!
R_3EgNpoKKg1W79Zd,Default Response Set,Anonymous,,0,7/19/2017 17:27,7/19/2017 17:29,1,1,1,1,1,1,5,5,1,5,1,1,3,4,1,,1,,1,2,32,1,3,1,
R_10CzVg228wZVnMq,Default Response Set,Anonymous,,0,7/19/2017 17:28,7/19/2017 17:29,1,0,1,1,1,1,5,5,1,4,1,1,3,2,,1,,3,1,1,33,1,5,1,-
R_2bQn3scug5usute,Default Response Set,Anonymous,,0,7/19/2017 17:27,7/19/2017 17:29,1,0,1,1,1,1,4,2,1,3,2,1,3,3,,1,,2,1,1,27,1,5,5,
R_27JrPRZ45nraOPz,Default Response Set,Anonymous,,0,7/19/2017 17:28,7/19/2017 17:29,1,0,1,1,1,1,4,2,1,3,4,1,4,3,,1,,1,1,1,33,2,5,2,
R_VWRxNT46KdflHep,Default Response Set,Anonymous,,0,7/19/2017 17:27,7/19/2017 17:30,1,0,1,1,1,1,4,4,1,3,2,1,2,3,,1,,2,1,1,39,1,5,4,
R_umP7nt2MqiAxfvr,Default Response Set,Anonymous,,0,7/19/2017 17:28,7/19/2017 17:30,1,1,1,1,1,1,5,5,1,4,1,1,4,2,1,,1,,1,2,33,1,5,3,
R_1LHJhbCbUHwZqug,Default Response Set,Anonymous,,0,7/19/2017 17:27,7/19/2017 17:30,1,0,1,1,1,1,5,4,1,3,2,1,3,1,,1,,3,1,2,26,1,3,2,
R_1esgX7d6mjLhfkL,Default Response Set,Anonymous,,0,7/19/2017 17:27,7/19/2017 17:30,1,0,1,1,1,1,4,4,1,3,1,1,5,2,,1,,1,1,2,18,1,2,3,
R_20Z5qdOfiBw1HMD,Default Response Set,Anonymous,,0,7/19/2017 17:27,7/19/2017 17:30,1,0,1,1,1,1,2,1,1,1,1,1,2,2,,1,,4,1,2,45,1,5,5,
R_2qeeGpsFmR86KDi,Default Response Set,Anonymous,,0,7/19/2017 17:26,7/19/2017 17:30,1,0,1,1,1,1,4,5,1,3,2,1,4,3,,1,,3,1,1,38,1,5,3,
R_2zl3XQ9zVcqQKpo,Default Response Set,Anonymous,,0,7/19/2017 17:27,7/19/2017 17:30,1,0,1,1,1,1,4,3,1,3,1,1,3,3,,1,,2,1,1,53,1,3,6,
R_3efr2SZDCYB4lEn,Default Response Set,Anonymous,,0,7/19/2017 17:27,7/19/2017 17:30,1,1,1,1,1,1,5,4,1,4,1,1,5,3,1,,2,,1,2,30,1,3,4,None at this time.
R_21bu3ScQ5SIEvKH,Default Response Set,Anonymous,,0,7/19/2017 17:25,7/19/2017 17:30,1,0,1,1,1,1,4,4,1,4,2,1,4,3,,1,,2,1,1,55,1,6,3,
R_1l3OjMufjbWHw22,Default Response Set,Anonymous,,0,7/19/2017 17:27,7/19/2017 17:30,1,0,1,1,1,1,5,5,1,3,1,1,3,2,,1,,3,1,1,23,1,3,1,
R_25uBE82EaHZts9c,Default Response Set,Anonymous,,0,7/19/2017 17:27,7/19/2017 17:30,1,1,1,1,1,1,5,5,1,3,3,1,3,2,1,,1,,1,1,36,4,3,3,
R_2Y49BMJp4eK8Ilg,Default Response Set,Anonymous,,0,7/19/2017 17:25,7/19/2017 17:30,1,0,1,1,1,1,5,4,1,4,1,1,4,2,,1,,3,1,2,54,1,5,2,
R_3lFGTRtQosCElp3,Default Response Set,Anonymous,,0,7/19/2017 17:27,7/19/2017 17:30,1,1,1,1,1,1,5,5,1,2,1,1,3,2,1,,1,,1,2,79,1,4,2,no comments
R_3hmcmbjKYwTOrTR,Default Response Set,Anonymous,,0,7/19/2017 17:27,7/19/2017 17:30,1,1,1,1,1,1,4,5,1,3,1,1,1,2,1,,1,,1,2,60,1,5,2,
R_efhZlZRcjBSytPj,Default Response Set,Anonymous,,0,7/19/2017 17:26,7/19/2017 17:30,1,1,1,1,1,1,4,4,1,4,2,1,3,3,1,,1,,1,1,34,1,6,5,
R_2rDiarvMAaXPQ2r,Default Response Set,Anonymous,,0,7/19/2017 17:26,7/19/2017 17:30,1,1,1,1,1,1,2,4,1,3,2,1,3,3,1,,1,,1,1,35,1,3,1,
R_yJfj63mFzjvYbWF,Default Response Set,Anonymous,,0,7/19/2017 17:28,7/19/2017 17:30,1,1,1,1,1,1,3,5,1,4,1,1,3,3,1,,1,,1,2,36,2,3,4,
R_b2UH0dchWNbUDst,Default Response Set,Anonymous,,0,7/19/2017 17:28,7/19/2017 17:30,1,0,1,1,1,1,5,4,1,3,2,1,3,2,,1,,1,1,2,55,1,6,2,
R_3sjIL06jXtRX4LV,Default Response Set,Anonymous,,0,7/19/2017 17:27,7/19/2017 17:30,1,1,1,1,1,1,4,2,1,3,2,1,2,4,1,,2,,1,2,26,1,5,4,
R_2aQgfOwsq8cQTyA,Default Response Set,Anonymous,,0,7/19/2017 17:27,7/19/2017 17:30,1,0,1,1,1,1,5,4,1,4,1,1,3,1,,1,,3,1,1,21,1,2,1,
R_1onzkxQleEnfcwc,Default Response Set,Anonymous,,0,7/19/2017 17:28,7/19/2017 17:30,1,0,1,1,1,1,5,5,1,5,1,1,5,3,,1,,3,1,1,31,1,3,2,"This was interesting, thank you!"
R_3dYdRWGibFcb3Jr,Default Response Set,Anonymous,,0,7/19/2017 17:27,7/19/2017 17:30,1,0,1,1,1,1,5,5,1,3,1,1,4,2,,1,,2,1,2,27,1,4,4,Nope.
R_1M5sHDFJJzvqEG5,Default Response Set,Anonymous,,0,7/19/2017 17:28,7/19/2017 17:30,1,0,1,1,1,1,4,4,1,3,1,1,4,2,,1,,3,1,2,48,1,5,2,No comments.
R_1kLzvZ32dIYUWq9,Default Response Set,Anonymous,,0,7/19/2017 17:26,7/19/2017 17:30,1,1,1,1,1,1,5,4,1,3,3,1,3,3,1,,1,,1,1,50,1,2,2,
R_3Ok8mx3qoGyS2vy,Default Response Set,Anonymous,,0,7/19/2017 17:29,7/19/2017 17:31,1,1,1,1,1,1,4,5,1,3,2,1,4,4,1,,1,,1,1,24,4,5,2,
R_PzfwLaAxzjsMKPv,Default Response Set,Anonymous,,0,7/19/2017 17:28,7/19/2017 17:31,1,0,1,1,1,1,5,4,1,4,1,1,4,2,,1,,2,1,2,43,1,3,2,
R_yPy2tkGUlaMhjiN,Default Response Set,Anonymous,,0,7/19/2017 17:27,7/19/2017 17:31,1,0,1,1,1,1,5,4,1,4,1,1,3,2,,1,,3,1,2,41,1,3,1,
R_3F3bNWARNfcfaAd,Default Response Set,Anonymous,,0,7/19/2017 17:28,7/19/2017 17:31,1,0,1,1,1,1,5,5,1,3,1,1,5,5,,1,,3,1,1,35,1,2,1,
R_1QxNVTKAWiM1u6i,Default Response Set,Anonymous,,0,7/19/2017 17:28,7/19/2017 17:31,1,1,1,1,1,1,5,5,1,3,1,1,2,3,1,,1,,1,2,42,4,6,2,
R_ctMrRzTYCVtOo5r,Default Response Set,Anonymous,,0,7/19/2017 17:26,7/19/2017 17:31,1,1,1,1,1,1,3,3,1,2,3,1,3,4,1,,2,,1,2,50,1,4,5,thank you
R_1pumb163BwH7Nwf,Default Response Set,Anonymous,,0,7/19/2017 17:28,7/19/2017 17:31,1,0,1,1,1,1,2,4,1,2,2,1,2,2,,1,,2,1,2,46,1,6,7,
R_3Pubt3X7TrPy45X,Default Response Set,Anonymous,,0,7/19/2017 17:28,7/19/2017 17:31,1,1,1,1,1,1,5,5,1,5,1,1,4,1,1,,1,,1,1,27,1,5,4,
R_sAPSJxqOd5KIlbP,Default Response Set,Anonymous,,0,7/19/2017 17:30,7/19/2017 17:31,1,0,1,1,1,1,5,3,1,3,3,1,1,4,,1,,3,1,1,29,1,5,4,
R_3GxDsLR6itK37G4,Default Response Set,Anonymous,,0,7/19/2017 17:29,7/19/2017 17:31,1,1,1,1,1,1,4,4,1,3,4,1,2,5,1,,2,,1,1,32,4,6,5,
R_11avbG4XIvsOhI7,Default Response Set,Anonymous,,0,7/19/2017 17:28,7/19/2017 17:31,1,1,1,1,1,1,4,2,1,2,1,1,2,3,1,,2,,1,1,44,1,5,4,
R_3Rz2xx29tQcBZuT,Default Response Set,Anonymous,,0,7/19/2017 17:25,7/19/2017 17:31,1,0,1,1,1,1,5,4,1,5,1,1,5,1,,1,,3,1,2,47,1,2,3,
R_T5uPrrN8u2j9AaJ,Default Response Set,Anonymous,,0,7/19/2017 17:30,7/19/2017 17:31,1,0,1,1,1,1,4,4,1,4,3,1,3,4,,1,,2,1,2,30,1,5,3,
R_1ou588KQUwW2Mbj,Default Response Set,Anonymous,,0,7/19/2017 17:29,7/19/2017 17:31,1,0,1,1,1,1,4,4,1,2,3,1,3,3,,1,,4,1,2,33,1,2,3,
R_1MRnuwCRWdXWBfr,Default Response Set,Anonymous,,0,7/19/2017 17:27,7/19/2017 17:31,1,0,1,1,1,1,3,3,1,2,1,1,2,1,,1,,1,1,1,57,1,3,4,
R_2fy9zGeDCY2T0wa,Default Response Set,Anonymous,,0,7/19/2017 17:29,7/19/2017 17:31,1,1,1,1,1,1,5,5,1,1,1,1,2,3,1,,1,,1,1,32,1,3,4,
R_5aHHyAbEvtU1x0R,Default Response Set,Anonymous,,0,7/19/2017 17:28,7/19/2017 17:31,1,0,1,1,1,1,5,5,1,4,2,1,4,2,,1,,3,1,2,35,1,3,2,
R_3ozIIYjwQNPRrsL,Default Response Set,Anonymous,,0,7/19/2017 17:27,7/19/2017 17:31,1,0,1,1,1,1,5,4,1,4,1,1,2,3,,1,,2,1,2,27,1,4,4,
R_1hQZtse0kgIvZeL,Default Response Set,Anonymous,,0,7/19/2017 17:29,7/19/2017 17:31,1,0,1,1,1,1,5,3,1,3,1,1,2,2,,1,,2,1,1,28,1,3,4,
R_3syMXjRAsjsv5jo,Default Response Set,Anonymous,,0,7/19/2017 17:29,7/19/2017 17:31,1,0,1,1,1,1,4,2,1,3,2,1,1,3,,1,,1,1,1,25,1,5,2,
R_e8lzeyFcF6sPnGx,Default Response Set,Anonymous,,0,7/19/2017 17:29,7/19/2017 17:32,1,0,1,1,1,1,5,5,1,4,2,1,2,2,,1,,3,1,2,25,1,3,3,
R_2qCYHa2XLe2y7fH,Default Response Set,Anonymous,,0,7/19/2017 17:28,7/19/2017 17:32,1,1,1,1,1,1,4,5,1,3,1,1,3,2,1,,1,,1,2,31,1,5,4,
R_2VdQB21fiRWouGF,Default Response Set,Anonymous,,0,7/19/2017 17:28,7/19/2017 17:32,1,1,1,1,1,1,5,4,1,3,2,1,4,3,1,,1,,1,1,62,1,3,4,
R_12JV81aXF8Xee9Y,Default Response Set,Anonymous,,0,7/19/2017 17:26,7/19/2017 17:32,1,1,1,1,1,1,5,5,1,5,1,1,2,4,1,,2,,1,1,37,3,5,3,
R_305CEUR9nLQYFiA,Default Response Set,Anonymous,,0,7/19/2017 17:29,7/19/2017 17:32,1,1,1,1,1,1,4,1,1,2,1,1,3,2,1,,2,,1,2,38,2,5,1,"Very interesting study, thanks for allowing me to participate!"
R_2zIygqgXjbYgNnQ,Default Response Set,Anonymous,,0,7/19/2017 17:28,7/19/2017 17:32,1,0,1,1,1,1,4,4,1,3,2,1,2,2,,1,,3,1,1,22,1,3,4,
R_SHtqlUo4IKbv4lP,Default Response Set,Anonymous,,0,7/19/2017 17:26,7/19/2017 17:32,1,1,1,1,1,1,4,5,1,3,2,1,1,4,1,,1,,1,2,33,1,5,4,I am one of those people that will pay to drive even if the cost of gas is expensive. 
R_1CHHXHbq66CIHh7,Default Response Set,Anonymous,,0,7/19/2017 17:28,7/19/2017 17:32,1,1,1,1,1,1,4,5,1,2,1,1,1,1,1,,1,,1,2,39,1,2,2,Thank you
R_1kZT9IIqcXB27EU,Default Response Set,Anonymous,,0,7/19/2017 17:26,7/19/2017 17:32,1,1,1,1,1,1,5,5,1,4,1,1,5,1,1,,1,,1,2,28,1,3,1,
R_21I0l4SPpU25pQn,Default Response Set,Anonymous,,0,7/19/2017 17:30,7/19/2017 17:32,1,0,1,1,1,1,4,2,1,2,2,1,2,2,,1,,4,1,1,25,1,3,4,
R_zSSTRuRAwVTvKKt,Default Response Set,Anonymous,,0,7/19/2017 17:30,7/19/2017 17:32,1,0,1,1,1,1,5,5,1,3,2,1,4,2,,1,,3,1,2,28,1,5,2,
R_V3bRZyLtr8skye5,Default Response Set,Anonymous,,0,7/19/2017 17:29,7/19/2017 17:32,1,1,1,1,1,1,4,5,1,4,1,1,5,1,1,,1,,1,1,35,1,3,1,No
R_5nCykKpfofzN53X,Default Response Set,Anonymous,,0,7/19/2017 17:31,7/19/2017 17:32,1,0,1,1,1,1,4,4,1,3,2,1,3,2,,1,,2,1,2,25,1,5,5,
R_1r018ZEqkxoGeH9,Default Response Set,Anonymous,,0,7/19/2017 17:30,7/19/2017 17:32,1,1,1,1,1,1,5,4,1,2,1,1,3,2,1,,1,,1,1,28,4,5,3,
R_2Ray7Fxi2nSvBNf,Default Response Set,Anonymous,,0,7/19/2017 17:30,7/19/2017 17:32,1,0,1,1,1,1,5,5,1,4,3,1,4,2,,1,,3,1,1,26,1,5,2,
R_AsYe3JKBVxOuMjD,Default Response Set,Anonymous,,0,7/19/2017 17:29,7/19/2017 17:32,1,0,1,1,1,1,5,5,1,2,1,1,3,3,,1,,3,1,1,37,1,3,1,
R_pGACH9GXTm8dR3H,Default Response Set,Anonymous,,0,7/19/2017 17:30,7/19/2017 17:33,1,1,1,1,1,1,4,2,1,3,1,1,3,3,1,,2,,1,2,61,1,3,6,
R_tJKJVetm5gRXHNf,Default Response Set,Anonymous,,0,7/19/2017 17:29,7/19/2017 17:33,1,0,1,1,1,1,4,4,1,2,3,1,2,5,,1,,4,1,1,37,1,2,2,
R_1lxAiJDgBRTIaUW,Default Response Set,Anonymous,,0,7/19/2017 17:27,7/19/2017 17:33,1,1,1,1,1,1,5,4,1,5,1,1,4,4,1,,1,,1,2,32,1,4,3,
R_5doL5arITw4Qtz3,Default Response Set,Anonymous,,0,7/19/2017 17:30,7/19/2017 17:33,1,1,1,1,1,1,4,4,1,3,1,1,2,2,1,,2,,1,2,33,1,2,2,Thank you!
R_3Ht7I0JrphmS3Pl,Default Response Set,Anonymous,,0,7/19/2017 17:27,7/19/2017 17:33,1,1,1,1,1,1,5,5,1,3,2,1,4,4,1,,1,,1,1,34,1,5,2,
R_2Bt7Q8EmrnV4Jrs,Default Response Set,Anonymous,,0,7/19/2017 17:30,7/19/2017 17:33,1,1,1,1,1,1,4,5,1,4,5,1,4,2,1,,1,,1,1,19,1,3,4,
R_2rjXHbmKRQC7eWz,Default Response Set,Anonymous,,0,7/19/2017 17:31,7/19/2017 17:33,1,0,1,1,1,1,5,4,1,3,2,1,3,2,,1,,3,1,1,30,1,5,2,
R_2SeEuLvbRK9Mno3,Default Response Set,Anonymous,,0,7/19/2017 17:25,7/19/2017 17:33,1,0,1,1,1,1,5,5,1,4,1,1,5,1,,1,,3,1,1,44,1,3,2,
R_1n2baPw1aclVMVZ,Default Response Set,Anonymous,,0,7/19/2017 17:29,7/19/2017 17:33,1,1,1,1,1,1,3,3,1,1,2,1,1,4,1,,2,,1,1,45,1,3,3,
R_b1xB0HDgOvmsQql,Default Response Set,Anonymous,,0,7/19/2017 17:30,7/19/2017 17:33,1,0,1,1,1,1,5,5,1,4,1,1,5,2,,1,,3,1,2,36,1,5,1,
R_1d6WrP8RPfD7FuX,Default Response Set,Anonymous,,0,7/19/2017 17:28,7/19/2017 17:33,1,0,1,1,1,1,3,3,1,3,1,1,2,3,,1,,2,1,2,53,1,4,3,None
R_2rIXnlIVw0r0BV8,Default Response Set,Anonymous,,0,7/19/2017 17:31,7/19/2017 17:33,1,0,1,1,1,1,5,4,1,4,1,1,3,2,,1,,3,1,2,59,2,3,4,
R_1gCJB7gVwKnDysw,Default Response Set,Anonymous,,0,7/19/2017 17:31,7/19/2017 17:33,1,1,1,1,1,1,5,5,1,4,1,1,3,2,1,,1,,1,2,28,1,3,2,
R_2QQWZU0IbI41xcp,Default Response Set,Anonymous,,0,7/19/2017 17:30,7/19/2017 17:33,1,1,1,1,1,1,4,4,1,1,2,1,1,4,1,,1,,1,1,26,6,3,2,
R_vo5NGgN1UZuhGuJ,Default Response Set,Anonymous,,0,7/19/2017 17:25,7/19/2017 17:33,1,1,1,1,1,1,4,4,1,3,1,1,3,2,1,,1,,1,2,40,6,4,3,
R_Xk6EWtID0mtYnOF,Default Response Set,Anonymous,,0,7/19/2017 17:31,7/19/2017 17:34,1,1,1,1,1,1,5,4,1,4,1,1,4,3,1,,1,,1,1,21,4,3,3,
R_WBx8uZVR4Hjkfe1,Default Response Set,Anonymous,,0,7/19/2017 17:30,7/19/2017 17:34,1,1,1,1,1,1,4,3,1,1,2,1,1,4,1,,1,,1,1,49,1,3,3,
R_2aJCS2pnehZXr1M,Default Response Set,Anonymous,,0,7/19/2017 17:29,7/19/2017 17:34,1,0,1,1,1,1,5,5,1,4,2,1,5,1,,1,,3,1,2,42,1,5,1,
R_2fx4AivgxxrKX5o,Default Response Set,Anonymous,,0,7/19/2017 17:33,7/19/2017 17:34,1,0,1,1,1,1,3,3,1,4,3,1,3,4,,1,,4,1,2,42,1,3,5,
R_1hPXYMnJnkWjvCh,Default Response Set,Anonymous,,0,7/19/2017 17:31,7/19/2017 17:34,1,1,1,1,1,1,5,4,1,5,1,1,3,4,1,,1,,1,2,51,1,5,1,
R_2AXrgVgT1sgVPwG,Default Response Set,Anonymous,,0,7/19/2017 17:28,7/19/2017 17:34,1,0,1,1,1,1,5,4,1,2,2,1,3,2,,1,,4,1,1,54,1,3,3,
R_VKJqIvav8huLDot,Default Response Set,Anonymous,,0,7/19/2017 17:32,7/19/2017 17:34,1,0,1,1,1,1,5,4,1,3,2,1,3,4,,1,,2,1,2,28,1,4,4,
R_22W9iEv3iAl9J5U,Default Response Set,Anonymous,,0,7/19/2017 17:33,7/19/2017 17:34,1,1,1,1,1,1,3,4,1,3,2,1,4,3,1,,1,,1,2,28,2,3,4,
R_3MLRTHWiuiymX2e,Default Response Set,Anonymous,,0,7/19/2017 17:31,7/19/2017 17:34,1,1,1,1,1,1,3,3,1,4,1,1,2,1,1,,1,,1,2,33,1,3,5,none thank you
R_3GvlymuaChcQHTI,Default Response Set,Anonymous,,0,7/19/2017 17:32,7/19/2017 17:35,1,0,1,1,1,1,5,5,1,4,1,1,4,3,,1,,3,1,1,36,1,5,2,
R_3MziiI2Nm7PKpI8,Default Response Set,Anonymous,,0,7/19/2017 17:29,7/19/2017 17:35,1,1,1,1,1,1,5,5,1,2,1,1,3,4,1,,1,,1,1,46,2,3,3,
R_0IG87cu6faoeZjP,Default Response Set,Anonymous,,0,7/19/2017 17:32,7/19/2017 17:35,1,1,1,1,1,1,5,3,1,3,1,1,3,1,1,,2,,1,1,28,4,3,4,
R_3oHCTbxBhoXHaT8,Default Response Set,Anonymous,,0,7/19/2017 17:34,7/19/2017 17:35,1,1,1,1,1,1,4,4,1,3,3,1,2,3,1,,2,,1,2,30,1,6,4,
R_3kjmgNwKYnLl7eS,Default Response Set,Anonymous,,0,7/19/2017 17:31,7/19/2017 17:35,1,1,1,1,1,1,5,5,1,2,1,1,1,4,1,,1,,1,2,29,1,3,3,
R_3EFgQdWOL5pZmQr,Default Response Set,Anonymous,,0,7/19/2017 17:27,7/19/2017 17:35,1,1,1,1,1,1,5,5,1,4,1,1,4,4,1,,2,,1,2,63,1,3,3,The fear of raising taxes alone on emissions is that we absorb the tax and the technology for elimination stops and we just become used to the higher cost.
R_12rUr7qJMHqY9Kv,Default Response Set,Anonymous,,0,7/19/2017 17:32,7/19/2017 17:35,1,1,1,1,1,1,5,4,1,2,1,1,3,2,1,,1,,1,1,35,1,5,3,No
R_AzZSHjbsu51PVxn,Default Response Set,Anonymous,,0,7/19/2017 17:27,7/19/2017 17:36,1,1,1,1,1,1,5,3,1,4,1,1,4,3,1,,1,,1,2,32,1,3,2,
R_28Yct8ZwZTkdkDj,Default Response Set,Anonymous,,0,7/19/2017 17:30,7/19/2017 17:36,1,0,1,1,1,1,4,3,1,3,2,1,3,4,,1,,2,1,1,32,1,5,5,No
R_2YQFtC0LGtD6ROy,Default Response Set,Anonymous,,0,7/19/2017 17:32,7/19/2017 17:36,1,0,1,1,1,1,4,4,1,3,1,1,2,3,,1,,3,1,2,39,1,3,3,"NO, thank you"
R_3EtWkGAyMWNwouK,Default Response Set,Anonymous,,0,7/19/2017 17:36,7/19/2017 17:37,1,0,1,1,1,1,5,1,1,2,1,1,3,1,,1,,1,1,1,35,1,5,4,
R_278dOMmBIX8McBG,Default Response Set,Anonymous,,0,7/19/2017 17:26,7/19/2017 17:38,1,0,1,1,1,1,4,5,1,4,3,1,1,5,,1,,4,1,1,27,4,2,4,N/A
R_QaBN2KTOE59wRHz,Default Response Set,Anonymous,,0,7/19/2017 17:37,7/19/2017 17:38,1,1,1,1,1,1,4,3,1,3,4,1,3,3,1,,1,,1,1,23,4,3,5,
R_27EzXi1sqNMnzbe,Default Response Set,Anonymous,,0,7/19/2017 17:33,7/19/2017 17:38,1,0,1,1,1,1,4,1,1,1,2,1,1,4,,1,,2,1,1,43,1,3,6,I would of implemented the nudge because it really won't matter much either way  and critics couldnt complain you are against everything has the carbon tax would be truly damaging to companies and consumers alike. Personally though I do not believe in global warming anymore then I believe in the tooth fairy
R_UMxFILw0tiLuTyV,Default Response Set,Anonymous,,0,7/19/2017 17:37,7/19/2017 17:38,1,0,1,1,1,1,4,4,1,3,2,1,3,2,,1,,2,1,2,21,1,3,5,
R_2fkt1WRaDpoz4EZ,Default Response Set,Anonymous,,0,7/19/2017 17:35,7/19/2017 17:39,1,1,1,1,1,1,4,5,1,5,1,1,5,2,1,,1,,1,1,38,1,4,1,
R_2XmR02yh40yZ0cr,Default Response Set,Anonymous,,0,7/19/2017 17:37,7/19/2017 17:39,1,0,1,1,1,1,4,1,1,4,3,1,3,5,,1,,2,1,1,30,1,3,4,
R_Tni8YoT0WzmXMZz,Default Response Set,Anonymous,,0,7/19/2017 17:27,7/19/2017 17:39,1,1,1,1,1,1,3,5,1,5,1,1,3,1,1,,1,,1,1,34,4,5,4,
R_2uC0saZZjb8dPNF,Default Response Set,Anonymous,,0,7/19/2017 17:37,7/19/2017 17:40,1,1,1,1,1,1,5,4,1,3,1,1,3,2,1,,2,,1,2,34,1,3,4,
R_12tGh1IL75bXoj7,Default Response Set,Anonymous,,0,7/19/2017 17:30,7/19/2017 17:42,1,0,1,1,1,1,3,3,1,3,1,1,3,1,,1,,4,1,2,40,1,5,6,
R_3FJtffNfrulwhR2,Default Response Set,Anonymous,,0,7/19/2017 17:41,7/19/2017 17:43,1,0,1,1,1,1,5,5,1,3,1,1,3,1,,1,,3,1,1,45,1,5,1,
R_1fkIYZcerBzMpM8,Default Response Set,Anonymous,,0,7/19/2017 17:40,7/19/2017 17:43,1,1,1,1,1,1,5,4,1,3,1,1,4,2,1,,1,,1,2,23,6,2,1,
R_9RBnSgG0HqAwPjH,Default Response Set,Anonymous,,0,7/19/2017 17:39,7/19/2017 17:44,1,0,1,1,1,1,5,4,1,3,2,1,2,4,,1,,2,1,2,27,2,2,4,
R_2pXEIVUoP8Cc8oj,Default Response Set,Anonymous,,0,7/19/2017 17:32,7/19/2017 17:44,1,1,1,1,1,1,4,5,1,4,1,1,5,2,1,,1,,1,2,24,1,5,2,
R_ZrXUVzRIAqb5AXL,Default Response Set,Anonymous,,0,7/19/2017 17:41,7/19/2017 17:45,1,1,1,1,1,1,5,5,1,5,1,1,5,5,1,,1,,1,2,38,1,3,5,
R_3J3NYVwO2YRtEQY,Default Response Set,Anonymous,,0,7/19/2017 17:43,7/19/2017 17:46,1,0,1,1,1,1,5,5,1,5,1,1,5,1,,1,,3,1,1,29,2,3,2,
R_2wyk8k022sOwBSA,Default Response Set,Anonymous,,0,7/19/2017 17:44,7/19/2017 17:46,1,0,1,1,1,1,3,1,1,1,3,1,1,5,,1,,4,1,2,29,6,5,2,
R_1CeSD3bvQ2Ujhd8,Default Response Set,Anonymous,,0,7/19/2017 17:44,7/19/2017 17:46,1,0,1,1,1,1,5,5,1,2,1,1,4,2,,1,,3,1,1,51,1,4,2,
R_24OZ80fqRvp0oLG,Default Response Set,Anonymous,,0,7/19/2017 17:46,7/19/2017 17:47,1,0,1,1,1,1,5,4,1,4,1,1,3,2,,1,,1,1,1,32,1,3,3,
R_1OowsjSdevi3HUB,Default Response Set,Anonymous,,0,7/19/2017 17:44,7/19/2017 17:48,1,1,1,1,1,1,5,5,1,2,1,1,3,2,1,,1,,1,2,49,1,3,1,no
R_1Dwq24J9De5r8hG,Default Response Set,Anonymous,,0,7/19/2017 17:28,7/19/2017 17:51,1,0,1,1,1,1,5,5,1,5,1,1,5,2,,1,,3,1,2,34,6,3,1,
R_1FkXXD8jaJRVpfM,Default Response Set,Anonymous,,0,7/19/2017 17:51,7/19/2017 17:54,1,1,1,1,1,1,4,4,1,4,1,1,1,3,1,,2,,1,1,40,1,3,3,none
R_2X4e8ZGnXSPnyls,Default Response Set,Anonymous,,0,7/19/2017 17:52,7/19/2017 17:54,1,0,1,1,1,1,5,4,1,4,1,1,2,2,,1,,2,1,2,30,1,3,1,
R_2YgiXLNMH7Hal85,Default Response Set,Anonymous,,0,7/19/2017 17:47,7/19/2017 17:55,1,1,1,1,1,1,5,5,1,5,1,1,5,3,1,,1,,1,1,26,1,5,4,
R_2Cst4gquAMt4Mag,Default Response Set,Anonymous,,0,7/19/2017 17:29,7/19/2017 17:56,1,0,1,1,1,1,5,3,1,2,2,1,2,4,,1,,4,1,1,31,1,5,7,
R_3HobJMr7LJd1yUy,Default Response Set,Anonymous,,0,7/19/2017 17:54,7/19/2017 17:57,1,1,1,1,1,1,4,5,1,2,1,1,3,2,1,,1,,1,2,56,2,2,6,
R_2uIZztYmsGvgcJq,Default Response Set,Anonymous,,0,7/19/2017 17:47,7/19/2017 17:58,1,1,1,1,1,1,4,4,1,4,2,1,3,4,1,,2,,1,1,29,2,3,1,
R_6niPcu8CkvimPZL,Default Response Set,Anonymous,,0,7/19/2017 17:53,7/19/2017 17:58,1,0,1,1,1,1,5,5,1,1,2,1,1,2,,1,,4,1,1,34,1,3,4,"No further comment, at this time."
R_1d7h053SSwpFnPZ,Default Response Set,Anonymous,,0,7/19/2017 17:28,7/19/2017 18:04,1,1,1,1,1,1,5,5,1,3,1,1,2,4,1,,2,,1,2,25,1,5,1,
R_puUUAe9LaqTqRO1,Default Response Set,Anonymous,,0,7/19/2017 18:03,7/19/2017 18:04,1,1,1,1,1,1,4,3,1,4,3,1,4,3,1,,2,,1,1,26,1,2,5,Interesting study!
R_3HI8DUHr7zgHTy2,Default Response Set,Anonymous,,0,7/19/2017 18:02,7/19/2017 18:06,1,0,1,1,1,1,4,4,1,3,1,1,5,1,,1,,3,1,1,33,2,5,2,great hit
R_O1g12CDoEZ2GkZb,Default Response Set,Anonymous,,0,7/19/2017 18:01,7/19/2017 18:07,1,0,1,1,1,1,5,5,1,4,1,1,5,1,,1,,4,1,2,32,2,3,1,
R_1gcjEuAGucnVWdK,Default Response Set,Anonymous,,0,7/19/2017 18:03,7/19/2017 18:07,1,1,1,1,1,1,3,4,1,2,3,1,1,4,1,,2,,1,1,31,1,5,4,
R_1qVqZjfFrmYU4YD,Default Response Set,Anonymous,,0,7/19/2017 18:04,7/19/2017 18:08,1,0,1,1,1,1,5,5,1,3,1,1,5,3,,1,,3,1,2,26,1,5,2,
R_2agGHyXv14QSwkM,Default Response Set,Anonymous,,0,7/19/2017 18:05,7/19/2017 18:09,1,1,1,1,1,1,4,1,1,2,3,1,1,4,1,,2,,1,2,38,1,5,6,None
R_3n9sqw3WgYqNIi6,Default Response Set,Anonymous,,0,7/19/2017 18:08,7/19/2017 18:10,1,0,1,1,1,1,5,5,1,4,1,1,5,1,,1,,3,1,2,26,2,3,2,
R_Z7zmE65IGoBGQZX,Default Response Set,Anonymous,,0,7/19/2017 18:10,7/19/2017 18:11,1,0,1,1,1,1,5,4,1,4,1,1,5,3,,1,,2,1,1,23,1,5,4,
R_ymBlsxKivS0Xqfv,Default Response Set,Anonymous,,0,7/19/2017 18:09,7/19/2017 18:12,1,1,1,1,1,1,3,3,1,1,2,1,1,3,1,,2,,1,1,27,1,3,4,
R_0BzEHl28StgxiWB,Default Response Set,Anonymous,,0,7/19/2017 18:08,7/19/2017 18:12,1,0,1,1,1,1,5,5,1,2,3,1,4,1,,1,,3,1,1,30,1,4,3,
R_2yeFfe3u3uqScu4,Default Response Set,Anonymous,,0,7/19/2017 17:41,7/19/2017 18:13,1,1,1,1,1,1,4,3,1,2,4,1,2,4,1,,2,,1,1,31,1,2,5,
R_1LeDAF3qPWhS1F1,Default Response Set,Anonymous,,0,7/19/2017 17:28,7/19/2017 18:16,1,1,1,1,1,1,4,3,1,4,3,1,3,4,1,,1,,1,2,27,1,5,4,
R_1dhluohAKIIA2UM,Default Response Set,Anonymous,,0,7/19/2017 18:17,7/19/2017 18:18,1,0,1,1,1,1,4,2,1,4,3,1,4,2,,1,,3,1,2,22,4,3,4,
R_2f3D2hFfUivhVJn,Default Response Set,Anonymous,,0,7/19/2017 17:49,7/19/2017 18:24,1,1,1,1,1,1,5,4,1,4,1,1,4,2,1,,1,,1,1,31,1,3,2,
R_1daH3UvMcH2utLS,Default Response Set,Anonymous,,0,7/19/2017 18:21,7/19/2017 18:24,1,1,1,1,1,1,5,4,1,3,1,1,2,3,1,,1,,1,2,49,1,5,2,
R_2xDE91qusvBZ8n5,Default Response Set,Anonymous,,0,7/19/2017 18:17,7/19/2017 18:27,1,0,1,1,1,1,5,5,1,4,1,1,5,3,,1,,3,1,2,27,1,5,1,N/A
R_1DoElYw9Ys0hQHG,Default Response Set,Anonymous,,0,7/19/2017 18:10,7/19/2017 18:32,1,1,1,1,1,1,5,5,1,3,1,1,3,2,1,,1,,1,2,31,1,3,3,
R_1diAorAFtn14sOc,Default Response Set,Anonymous,,0,7/19/2017 18:29,7/19/2017 18:34,1,1,1,1,1,1,5,5,1,4,1,1,4,2,1,,1,,1,1,36,4,5,2,
R_1hThaKwCostjC9b,Default Response Set,Anonymous,,0,7/19/2017 18:46,7/19/2017 18:49,1,1,1,1,1,1,5,5,1,2,1,1,3,1,1,,1,,1,2,32,1,5,1,Thank you! 
R_3lMLQZ5IhtsfJ1X,Default Response Set,Anonymous,,0,7/19/2017 18:44,7/19/2017 18:51,1,0,1,1,1,1,4,4,1,4,2,1,3,1,,1,,2,1,2,32,2,3,4,
R_OxGYn73uwH7I7zb,Default Response Set,Anonymous,,0,7/19/2017 18:54,7/19/2017 18:55,1,0,1,1,1,1,5,4,1,5,3,1,4,3,,1,,2,1,2,25,1,2,1,
R_3fry3JggECDJnt8,Default Response Set,Anonymous,,0,7/19/2017 19:04,7/19/2017 19:12,1,0,1,1,1,1,4,4,1,3,1,1,3,2,,1,,2,1,1,27,1,5,2,none
R_3npckKzmv9yuXcD,Default Response Set,Anonymous,,0,7/19/2017 19:10,7/19/2017 19:13,1,1,1,1,1,1,5,5,1,5,1,1,4,2,1,,1,,1,1,37,4,5,2,
R_2X5LgMnIefJnPTD,Default Response Set,Anonymous,,0,7/19/2017 19:32,7/19/2017 19:33,1,0,1,1,1,1,5,5,1,2,2,1,4,2,,1,,3,1,1,35,1,5,2,
R_1OTfApbTpSMj0K5,Default Response Set,Anonymous,,0,7/19/2017 20:26,7/19/2017 20:31,1,1,1,1,1,1,5,5,1,4,2,1,2,4,1,,1,,1,1,34,1,5,1,
R_3g4TpMpueWSdNhs,Default Response Set,Anonymous,,0,7/19/2017 17:28,7/19/2017 17:28,0,,1,1,1,,,,,,,,,,,,,,,,,,,,
R_1NxjRursR35V7gS,Default Response Set,Anonymous,,0,7/19/2017 17:30,7/19/2017 17:36,0,0,1,1,1,1,5,4,1,4,2,,,,,,,,,,,,,,
